District,Block,Cluster,Name of the school,Grama Panchayat,Addition,Subtraction,Multiplication,Division
Chamarajanagara,Chamaraja nagar,Bagali,GLPS  ANKANA SETTY MOLE,Demahalli,0,1,0,0
Chamarajanagara,Chamaraja nagar,Bagali,GLPS  HEBACHALLI,Demahalli,1,1,0,1
Chamarajanagara,Chamaraja nagar,Bagali,GLPS DEMAHALLI MOLE,Demahalli,1,1,0,0
Chamarajanagara,Chamaraja nagar,Bagali,GLPS DEMAHALLI MOLE,Demahalli,1,1,0,0
Chamarajanagara,Chamaraja nagar,Bagali,GLPS DEMAHALLI MOLE,Demahalli,1,1,0,0
Chamarajanagara,Chamaraja nagar,Bagali,GHPS  MUDALA AGRAHARA,Demahalli,0,0,0,0
Chamarajanagara,Chamaraja nagar,Bagali,GHPS  MUDALA AGRAHARA,Demahalli,1,0,0,0
Chamarajanagara,Chamaraja nagar,Bagali,GHPS  MUDALA AGRAHARA,Demahalli,1,1,0,1
Chamarajanagara,Chamaraja nagar,Bagali,GHPS  BANAHALLI,Demahalli,1,0,0,0
Chamarajanagara,Chamaraja nagar,Bagali,GHPS  BANAHALLI,Demahalli,0,1,0,0
Chamarajanagara,Chamaraja nagar,Bagali,GHPS  BANAHALLI,Demahalli,1,0,0,0
Chamarajanagara,Chamaraja nagar,Bagali,GHPS  BANAHALLI,Demahalli,1,0,0,0
Chamarajanagara,Chamaraja nagar,Bagali,GHPS  BANAHALLI,Demahalli,0,0,0,0
Chamarajanagara,Chamaraja nagar,Bagali,GHPS  BANAHALLI,Demahalli,1,1,0,1
Chamarajanagara,Chamaraja nagar,Bagali,GHPS DEMAHALLI,Demahalli,0,0,0,0
Chamarajanagara,Chamaraja nagar,Bagali,GHPS DEMAHALLI,Demahalli,1,1,0,1
Chamarajanagara,Chamaraja nagar,Bagali,GHPS DEMAHALLI,Demahalli,1,1,0,0
Chamarajanagara,Chamaraja nagar,Bagali,GHPS DEMAHALLI,Demahalli,0,0,0,0
Chamarajanagara,Chamaraja nagar,Bagali,GHPS DEMAHALLI,Demahalli,1,1,0,1
Chamarajanagara,Chamaraja nagar,Bagali,GHPS DEMAHALLI,Demahalli,0,1,0,1
Chamarajanagara,Chamaraja nagar,Bagali,GHPS DEMAHALLI,Demahalli,0,0,0,0
Chamarajanagara,Chamaraja nagar,Bagali,GHPS  KAMARA VADI,Demahalli,0,0,0,0
Chamarajanagara,Chamaraja nagar,Bagali,GHPS  KAMARA VADI,Demahalli,1,0,0,0
Chamarajanagara,Chamaraja nagar,Bagali,GHPS  KAMARA VADI,Demahalli,1,0,0,0
Chamarajanagara,Chamaraja nagar,Bagali,GHPS  KAMARA VADI,Demahalli,1,1,0,0
Chamarajanagara,Chamaraja nagar,Bagali,GHPS  KAMARA VADI,Demahalli,1,0,0,1
Chikkaballapura,Chintamani,Nandiganahalli,GLPS THUMMALAPALLI,Peddur,1,1,1,1
Chikkaballapura,Chintamani,Nandiganahalli,GLPS THUMMALAPALLI,Peddur,1,1,1,1
Chikkaballapura,Chintamani,Nandiganahalli,GLPS VEMPALLI,Peddur,1,1,1,1
Chikkaballapura,Chintamani,Nandiganahalli,GLPS VEMPALLI,Peddur,1,1,0,1
Chikkaballapura,Chintamani,Nandiganahalli,GLPS NEELAPALLI,Peddur,1,1,0,0
Chikkaballapura,Chintamani,Nandiganahalli,GOVERNMENT LOWER PRIMARY SCHOOL BODIGUNDLAPALLI,Peddur,0,1,0,1
Chikkaballapura,Chintamani,Nandiganahalli,GOVERNMENT LOWER PRIMARY SCHOOL BODIGUNDLAPALLI,Peddur,1,1,1,1
Chikkaballapura,Chintamani,Nandiganahalli,GOVERNMENT LOWER PRIMARY SCHOOL BODIGUNDLAPALLI,Peddur,0,1,1,1
Chikkaballapura,Chintamani,Nandiganahalli,GOVERNMENT LOWER PRIMARY SCHOOL KOTHAPALLI,Peddur,1,1,0,1
Chikkaballapura,Chintamani,Nandiganahalli,GOVERNMENT LOWER PRIMARY SCHOOL KOTHAPALLI,Peddur,0,1,0,0
Chikkaballapura,Chintamani,Nandiganahalli,GLPS NEELAPALLI,Peddur,0,0,0,0
Chikkaballapura,Chintamani,Nandiganahalli,GLPS NEELAPALLI,Peddur,1,1,0,0
Chikkaballapura,Chintamani,Nandiganahalli,GLPS DIGAVAKOTE,Peddur,0,0,0,0
Chikkaballapura,Chintamani,Nandiganahalli,GLPS VEMPALLI,Peddur,1,1,1,1
Chikkaballapura,Chintamani,Nandiganahalli,GOVERNMENT LOWER PRIMARY SCHOOL DIGAVAPALLI,Peddur,1,0,1,1
Chikkaballapura,Chintamani,Nandiganahalli,GLPS NEELAPALLI,Peddur,0,0,0,0
Chikkaballapura,Chintamani,Nandiganahalli,GHPS PEDDUR,Peddur,1,1,0,1
Chikkaballapura,Chintamani,Nandiganahalli,GOVERNMENT LOWER PRIMARY SCHOOL GOWNICHERUVAPALLI,Peddur,0,0,0,0
Chikkaballapura,Chintamani,Nandiganahalli,GOVERNMENT LOWER PRIMARY SCHOOL KOTHAPALLI,Peddur,1,0,0,0
Chikkaballapura,Chintamani,Nandiganahalli,GLPS DIGAVAKOTE,Peddur,0,0,0,0
Chikkaballapura,Chintamani,Nandiganahalli,GLPS THUMMALAPALLI,Peddur,1,1,0,1
Chikkaballapura,Chintamani,Nandiganahalli,GOVERNMENT LOWER PRIMARY SCHOOL KORAKONAHALLI,Peddur,1,1,0,0
Chikkaballapura,Chintamani,Nandiganahalli,GOVERNMENT LOWER PRIMARY SCHOOL BODIGUNDLAPALLI,Peddur,1,1,0,0
Chikkaballapura,Chintamani,Nandiganahalli,GLPS VEMPALLI,Peddur,1,1,0,1
Chikkaballapura,Chintamani,Nandiganahalli,GOVERNMENT LOWER PRIMARY SCHOOL BODIGUNDLAPALLI,Peddur,0,1,0,1
Chikkaballapura,Chintamani,Nandiganahalli,GOVERNMENT LOWER PRIMARY SCHOOL DIGAVAPALLI,Peddur,1,1,0,0
Chikkaballapura,Chintamani,Nandiganahalli,GLPS PATHAKOTE,Peddur,1,0,1,1
Chikkaballapura,Chintamani,Nandiganahalli,GLPS THUMMALAPALLI,Peddur,1,1,1,1
Chikkaballapura,Chintamani,Nandiganahalli,GOVERNMENT LOWER PRIMARY SCHOOL BODIGUNDLAPALLI,Peddur,1,1,0,1
Chikkaballapura,Chintamani,Nandiganahalli,GOVERNMENT LOWER PRIMARY SCHOOL BODIGUNDLAPALLI,Peddur,1,1,0,1
Chikkaballapura,Chintamani,Nandiganahalli,GOVERNMENT LOWER PRIMARY SCHOOL DIGAVAPALLI,Peddur,1,0,1,0
Chikkaballapura,Chintamani,Nandiganahalli,GOVERNMENT LOWER PRIMARY SCHOOL GOWNICHERUVAPALLI,Peddur,1,0,0,0
Chikkaballapura,Chintamani,Nandiganahalli,GLPS DIGAVAKOTE,Peddur,1,0,0,1
Chikkaballapura,Chintamani,Nandiganahalli,GOVERNMENT LOWER PRIMARY SCHOOL DIGAVAPALLI,Peddur,1,1,1,1
Chikkaballapura,Chintamani,Nandiganahalli,GOVERNMENT LOWER PRIMARY SCHOOL GOWNICHERUVAPALLI,Peddur,1,1,0,0
Chikkaballapura,Chintamani,Nandiganahalli,GOVERNMENT LOWER PRIMARY SCHOOL DIGAVAPALLI,Peddur,1,1,0,0
Chikkaballapura,Chintamani,Nandiganahalli,GOVERNMENT LOWER PRIMARY SCHOOL KOTHAPALLI,Peddur,1,1,0,0
Chikkaballapura,Chintamani,Nandiganahalli,GOVERNMENT LOWER PRIMARY SCHOOL KOTHAPALLI,Peddur,1,1,0,0
Chitradurga,Chitradurga,Bharmasagara,GMHPS BHARAMASAGARA,Bharmasagara,1,1,1,1
Chitradurga,Chitradurga,Bharmasagara,GMHPS BHARAMASAGARA,Bharmasagara,1,1,0,1
Chitradurga,Chitradurga,Bharmasagara,GMHPS BHARAMASAGARA,Bharmasagara,1,1,1,1
Chitradurga,Chitradurga,Bharmasagara,GMHPS BHARAMASAGARA,Bharmasagara,1,0,1,1
Chitradurga,Chitradurga,Bharmasagara,GMHPS BHARAMASAGARA,Bharmasagara,0,1,1,1
Chitradurga,Chitradurga,Bharmasagara,GMHPS BHARAMASAGARA,Bharmasagara,1,1,0,1
Chitradurga,Chitradurga,Bharmasagara,GMHPS BHARAMASAGARA,Bharmasagara,1,0,0,0
Chitradurga,Chitradurga,Bharmasagara,GMHPS BHARAMASAGARA,Bharmasagara,1,1,0,0
Chitradurga,Chitradurga,Bharmasagara,GMHPS BHARAMASAGARA,Bharmasagara,0,1,0,0
Chitradurga,Chitradurga,Bharmasagara,GMHPS BHARAMASAGARA,Bharmasagara,0,1,0,0
Chitradurga,Chitradurga,Bharmasagara,GMHPS BHARAMASAGARA,Bharmasagara,1,1,0,0
Chitradurga,Chitradurga,Bharmasagara,GMHPS BHARAMASAGARA,Bharmasagara,0,1,0,0
Chitradurga,Chitradurga,Bharmasagara,GMHPS BHARAMASAGARA,Bharmasagara,1,1,0,1
Chitradurga,Chitradurga,Bharmasagara,GMHPS BHARAMASAGARA,Bharmasagara,1,0,0,1
Chitradurga,Chitradurga,Bharmasagara,GMHPS BHARAMASAGARA,Bharmasagara,0,1,0,0
Chitradurga,Chitradurga,Bharmasagara,GMHPS BHARAMASAGARA,Bharmasagara,1,1,0,0
Chitradurga,Chitradurga,Bharmasagara,GMHPS BHARAMASAGARA,Bharmasagara,1,0,0,0
Chitradurga,Chitradurga,Bharmasagara,GMHPS BHARAMASAGARA,Bharmasagara,0,0,0,0
Chitradurga,Chitradurga,Bharmasagara,GMHPS BHARAMASAGARA,Bharmasagara,1,1,0,0
Chitradurga,Chitradurga,Bharmasagara,GMHPS BHARAMASAGARA,Bharmasagara,1,1,0,0
Chitradurga,Chitradurga,Bharmasagara,GMHPS BHARAMASAGARA,Bharmasagara,1,1,0,1
Chitradurga,Chitradurga,Bharmasagara,GMHPS BHARAMASAGARA,Bharmasagara,1,0,0,1
Chitradurga,Chitradurga,Bharmasagara,GMHPS BHARAMASAGARA,Bharmasagara,1,1,0,0
Chitradurga,Chitradurga,Bharmasagara,GMHPS BHARAMASAGARA,Bharmasagara,1,1,0,1
Chitradurga,Chitradurga,Bharmasagara,GMHPS BHARAMASAGARA,Bharmasagara,1,0,0,1
Chitradurga,Chitradurga,Bharmasagara,GMHPS BHARAMASAGARA,Bharmasagara,0,0,0,0
Chitradurga,Chitradurga,Bharmasagara,GMHPS BHARAMASAGARA,Bharmasagara,1,0,0,0
Chitradurga,Chitradurga,Bharmasagara,GMHPS BHARAMASAGARA,Bharmasagara,1,1,0,0
Chitradurga,Chitradurga,Bharmasagara,GMHPS BHARAMASAGARA,Bharmasagara,1,0,0,1
Chitradurga,Chitradurga,Bharmasagara,GMHPS BHARAMASAGARA,Bharmasagara,1,1,0,1
Chitradurga,Chitradurga,Bharmasagara,GMHPS BHARAMASAGARA,Bharmasagara,1,0,0,0
Chitradurga,Chitradurga,Bharmasagara,GMHPS BHARAMASAGARA,Bharmasagara,1,0,1,1
Chitradurga,Chitradurga,Bharmasagara,GMHPS BHARAMASAGARA,Bharmasagara,1,0,0,0
Chitradurga,Chitradurga,Bharmasagara,GMHPS BHARAMASAGARA,Bharmasagara,1,0,0,0
Chitradurga,Chitradurga,Bharmasagara,GMHPS BHARAMASAGARA,Bharmasagara,1,0,0,0
Chitradurga,Chitradurga,Bharmasagara,GMHPS BHARAMASAGARA,Bharmasagara,1,1,0,1
Chitradurga,Chitradurga,Bharmasagara,GMHPS BHARAMASAGARA,Bharmasagara,1,0,0,0
Chitradurga,Chitradurga,Bharmasagara,GMHPS BHARAMASAGARA,Bharmasagara,1,1,0,0
Chitradurga,Chitradurga,Bharmasagara,GMHPS BHARAMASAGARA,Bharmasagara,1,0,0,0
Chitradurga,Chitradurga,Bharmasagara,GMHPS BHARAMASAGARA,Bharmasagara,1,0,0,0
Chitradurga,Chitradurga,Bharmasagara,GMHPS BHARAMASAGARA,Bharmasagara,0,0,0,0
Chitradurga,Chitradurga,Bharmasagara,GMHPS BHARAMASAGARA,Bharmasagara,1,0,0,0
Chitradurga,Chitradurga,Bharmasagara,GMHPS BHARAMASAGARA,Bharmasagara,1,0,0,0
Chitradurga,Chitradurga,Bharmasagara,GMHPS BHARAMASAGARA,Bharmasagara,0,0,0,0
Chitradurga,Chitradurga,Bharmasagara,GMHPS BHARAMASAGARA,Bharmasagara,1,0,0,0
Chitradurga,Chitradurga,Bharmasagara,GMHPS BHARAMASAGARA,Bharmasagara,0,1,1,1
Chitradurga,Chitradurga,Bharmasagara,GMHPS BHARAMASAGARA,Bharmasagara,1,1,0,0
Chitradurga,Chitradurga,Bharmasagara,GMHPS BHARAMASAGARA,Bharmasagara,1,0,0,0
Chitradurga,Chitradurga,Bharmasagara,GMHPS BHARAMASAGARA,Bharmasagara,1,1,0,0
Chitradurga,Chitradurga,Bharmasagara,GMHPS BHARAMASAGARA,Bharmasagara,1,1,0,0
Chitradurga,Chitradurga,Bharmasagara,GHPS BEVINAHALLI,Bharmasagara,1,1,0,1
Chitradurga,Chitradurga,Bharmasagara,GHPS BEVINAHALLI,Bharmasagara,0,0,0,0
Chitradurga,Chitradurga,Bharmasagara,GHPS BEVINAHALLI,Bharmasagara,1,1,0,0
Chitradurga,Chitradurga,Bharmasagara,GHPS BEVINAHALLI,Bharmasagara,0,0,0,0
Chitradurga,Chitradurga,Bharmasagara,GHPS BEVINAHALLI,Bharmasagara,0,0,0,0
Chitradurga,Chitradurga,Bharmasagara,GHPS BEVINAHALLI,Bharmasagara,1,0,1,0
Chitradurga,Chitradurga,Bharmasagara,GHPS BEVINAHALLI,Bharmasagara,0,0,0,0
Chitradurga,Chitradurga,Bharmasagara,GHPS BEVINAHALLI,Bharmasagara,1,1,0,0
Chitradurga,Chitradurga,Bharmasagara,GHPS BEVINAHALLI,Bharmasagara,1,1,0,0
Chitradurga,Chitradurga,Bharmasagara,GHPS BEVINAHALLI,Bharmasagara,1,1,0,0
Chitradurga,Chitradurga,Bharmasagara,GHPS BEVINAHALLI,Bharmasagara,1,1,0,0
Chitradurga,Chitradurga,Bharmasagara,GHPS BEVINAHALLI,Bharmasagara,1,1,0,0
Chitradurga,Chitradurga,Bharmasagara,GHPS BEVINAHALLI,Bharmasagara,0,0,0,0
Chitradurga,Chitradurga,Bharmasagara,GHPS BEVINAHALLI,Bharmasagara,0,1,0,0
Chitradurga,Chitradurga,Bharmasagara,GLPS AK COLONY,Bharmasagara,1,0,0,1
Chitradurga,Chitradurga,Bharmasagara,GLPS BARAMASAGARA GOLLARAHATTI,Bharmasagara,1,1,0,0
Chitradurga,Chitradurga,Bharmasagara,GLPS BARAMASAGARA GOLLARAHATTI,Bharmasagara,1,1,0,0
Chitradurga,Chitradurga,Bharmasagara,GMHPS BHARAMASAGARA,Bharmasagara,1,0,0,0
Chitradurga,Chitradurga,Bharmasagara,GMHPS BHARAMASAGARA,Bharmasagara,0,0,0,0
Gadag,Mundaragi,Dambal,GMCS JANTLI SHIRUR,Jantli shirur,1,1,1,1
Gadag,Mundaragi,Dambal,GMCS JANTLI SHIRUR,Jantli shirur,1,1,1,1
Gadag,Mundaragi,Dambal,GMCS JANTLI SHIRUR,Jantli shirur,1,1,1,1
Gadag,Mundaragi,Dambal,GMCS JANTLI SHIRUR,Jantli shirur,1,1,1,1
Gadag,Mundaragi,Dambal,GMCS JANTLI SHIRUR,Jantli shirur,1,1,1,1
Gadag,Mundaragi,Dambal,GMCS JANTLI SHIRUR,Jantli shirur,1,1,1,1
Gadag,Mundaragi,Dambal,GMCS JANTLI SHIRUR,Jantli shirur,1,1,0,1
Gadag,Mundaragi,Dambal,GMCS JANTLI SHIRUR,Jantli shirur,1,1,1,1
Gadag,Mundaragi,Dambal,GMCS JANTLI SHIRUR,Jantli shirur,1,1,1,1
Gadag,Mundaragi,Dambal,GMCS JANTLI SHIRUR,Jantli shirur,1,1,1,1
Gadag,Mundaragi,Dambal,GMCS JANTLI SHIRUR,Jantli shirur,1,1,1,1
Gadag,Mundaragi,Dambal,GMCS JANTLI SHIRUR,Jantli shirur,1,1,1,1
Gadag,Mundaragi,Dambal,GMCS JANTLI SHIRUR,Jantli shirur,1,1,1,1
Gadag,Mundaragi,Dambal,GMCS JANTLI SHIRUR,Jantli shirur,1,1,1,1
Gadag,Mundaragi,Dambal,GMCS JANTLI SHIRUR,Jantli shirur,1,1,1,1
Gadag,Mundaragi,Dambal,GMCS JANTLI SHIRUR,Jantli shirur,1,1,1,1
Gadag,Mundaragi,Dambal,GMCS JANTLI SHIRUR,Jantli shirur,1,1,1,1
Gadag,Mundaragi,Dambal,GMCS JANTLI SHIRUR,Jantli shirur,1,1,0,1
Gadag,Mundaragi,Dambal,GHPKGS SHIRUR,Jantli shirur,0,1,1,1
Gadag,Mundaragi,Dambal,GHPKGS SHIRUR,Jantli shirur,1,1,1,1
Gadag,Mundaragi,Dambal,GHPKGS SHIRUR,Jantli shirur,1,1,0,1
Gadag,Mundaragi,Dambal,GHPKGS SHIRUR,Jantli shirur,1,1,1,1
Gadag,Mundaragi,Dambal,GHPKGS SHIRUR,Jantli shirur,1,1,1,1
Gadag,Mundaragi,Dambal,GHPKGS SHIRUR,Jantli shirur,0,0,0,0
Gadag,Mundaragi,Dambal,GHPKGS SHIRUR,Jantli shirur,1,1,1,1
Gadag,Mundaragi,Dambal,GHPKGS SHIRUR,Jantli shirur,1,1,1,1
Gadag,Mundaragi,Dambal,GHPKGS SHIRUR,Jantli shirur,1,1,1,1
Gadag,Mundaragi,Dambal,GHPKGS SHIRUR,Jantli shirur,1,1,1,1
Gadag,Mundaragi,Dambal,GHPKGS SHIRUR,Jantli shirur,1,1,1,1
Gadag,Mundaragi,Dambal,GHPKGS SHIRUR,Jantli shirur,1,1,1,1
Gadag,Mundaragi,Dambal,GHPKGS SHIRUR,Jantli shirur,1,1,1,0
Gadag,Mundaragi,Dambal,GHPKGS SHIRUR,Jantli shirur,1,1,1,1
Gadag,Mundaragi,Dambal,GHPKGS SHIRUR,Jantli shirur,1,1,1,1
Gadag,Mundaragi,Dambal,GHPKGS SHIRUR,Jantli shirur,1,1,1,1
Gadag,Mundaragi,Dambal,GHPKGS SHIRUR,Jantli shirur,1,1,1,1
Gadag,Mundaragi,Dambal,GHPKGS SHIRUR,Jantli shirur,0,1,1,1
Gadag,Mundaragi,Dambal,GHPKGS SHIRUR,Jantli shirur,1,1,1,1
Gadag,Mundaragi,Dambal,GHPKGS SHIRUR,Jantli shirur,1,1,1,1
Gadag,Mundaragi,Dambal,GHPKGS SHIRUR,Jantli shirur,1,1,1,1
Raichur,Sindhanur,Kolbala,GOVT.HIGHER PRIMARY SCHOOL HANCHINAL U,Kolabal,1,1,1,1
Raichur,Sindhanur,Kolbala,GOVT.HIGHER PRIMARY SCHOOL HANCHINAL U,Kolabal,1,1,1,1
Raichur,Sindhanur,Kolbala,GOVT.HIGHER PRIMARY SCHOOL KANUR,Kolabal,1,1,1,1
Raichur,Sindhanur,Kolbala,GOVT.HIGHER PRIMARY SCHOOL KANUR,Kolabal,1,1,1,1
Raichur,Sindhanur,Kolbala,GOVT.HIGHER PRIMARY SCHOOL KANUR,Kolabal,1,1,1,1
Raichur,Sindhanur,Kolbala,GOVT.HIGHER PRIMARY SCHOOL KANUR,Kolabal,1,1,1,1
Raichur,Sindhanur,Kolbala,GOVT.HIGHER PRIMARY SCHOOL KANUR,Kolabal,1,1,1,1
Raichur,Sindhanur,Kolbala,GOVT.HIGHER PRIMARY SCHOOL KANUR,Kolabal,1,1,1,1
Raichur,Sindhanur,Kolbala,GOVT.HIGHER PRIMARY SCHOOL KANUR,Kolabal,1,1,1,1
Raichur,Sindhanur,Kolbala,GOVT.HIGHER PRIMARY SCHOOL KANUR,Kolabal,1,1,1,1
Raichur,Sindhanur,Kolbala,GOVT.HIGHER PRIMARY SCHOOL KANUR,Kolabal,1,1,1,1
Raichur,Sindhanur,Kolbala,GOVT.HIGHER PRIMARY SCHOOL KANUR,Kolabal,1,1,1,1
Raichur,Sindhanur,Kolbala,GOVT.HIGHER PRIMARY SCHOOL KANUR,Kolabal,1,1,1,1
Raichur,Sindhanur,Kolbala,GOVT.HIGHER PRIMARY SCHOOL KANUR,Kolabal,1,1,1,1
Raichur,Sindhanur,Kolbala,GOVT.HIGHER PRIMARY SCHOOL KANUR,Kolabal,1,1,1,1
Raichur,Sindhanur,Kolbala,GOVT.HIGHER PRIMARY SCHOOL KANUR,Kolabal,0,0,1,1
Raichur,Sindhanur,Kolbala,GOVT.HIGHER PRIMARY SCHOOL KOLABAL,Kolabal,0,1,1,1
Raichur,Sindhanur,Kolbala,GOVT.HIGHER PRIMARY SCHOOL KOLABAL,Kolabal,1,1,1,1
Raichur,Sindhanur,Kolbala,GOVT.HIGHER PRIMARY SCHOOL HANCHINAL U,Kolabal,0,1,1,1
Raichur,Sindhanur,Kolbala,GOVT.HIGHER PRIMARY SCHOOL KOLABAL,Kolabal,1,1,0,1
Raichur,Sindhanur,Kolbala,GOVT.HIGHER PRIMARY SCHOOL KOLABAL,Kolabal,1,1,1,1
Raichur,Sindhanur,Kolbala,GOVT.HIGHER PRIMARY SCHOOL KOLABAL,Kolabal,1,1,1,1
Raichur,Sindhanur,Kolbala,GOVT.HIGHER PRIMARY SCHOOL KOLABAL,Kolabal,1,1,1,0
Raichur,Sindhanur,Kolbala,GOVT.HIGHER PRIMARY SCHOOL KOLABAL,Kolabal,0,1,1,0
Raichur,Sindhanur,Kolbala,GOVT.HIGHER PRIMARY SCHOOL KOLABAL,Kolabal,0,1,0,1
Raichur,Sindhanur,Kolbala,GOVT.HIGHER PRIMARY SCHOOL KOLABAL,Kolabal,1,1,1,0
Raichur,Sindhanur,Kolbala,GOVT.HIGHER PRIMARY SCHOOL KOLABAL,Kolabal,1,1,1,0
Raichur,Sindhanur,Kolbala,GOVT.HIGHER PRIMARY SCHOOL KOLABAL,Kolabal,1,1,1,0
Raichur,Sindhanur,Kolbala,GOVT.HIGHER PRIMARY SCHOOL KOLABAL,Kolabal,1,1,1,0
Raichur,Sindhanur,Kolbala,GOVT.HIGHER PRIMARY SCHOOL KOLABAL,Kolabal,1,1,1,1
Raichur,Sindhanur,Kolbala,GOVT.HIGHER PRIMARY SCHOOL KOLABAL,Kolabal,1,1,1,1
Raichur,Sindhanur,Kolbala,GOVT.HIGHER PRIMARY SCHOOL KOLABAL,Kolabal,1,1,1,1
Raichur,Sindhanur,Kolbala,GOVT.HIGHER PRIMARY SCHOOL KOLABAL,Kolabal,1,1,1,1
Raichur,Sindhanur,Kolbala,GOVT.HIGHER PRIMARY SCHOOL KOLABAL,Kolabal,1,1,1,1
Raichur,Sindhanur,Kolbala,GOVT.HIGHER PRIMARY SCHOOL KOLABAL,Kolabal,1,1,1,1
Raichur,Sindhanur,Kolbala,GOVT.HIGHER PRIMARY SCHOOL KOLABAL,Kolabal,1,1,1,1
Raichur,Sindhanur,Kolbala,GOVT.HIGHER PRIMARY SCHOOL KOLABAL,Kolabal,1,1,1,1
Raichur,Sindhanur,Kolbala,GOVT.HIGHER PRIMARY SCHOOL KOLABAL,Kolabal,1,1,1,1
Raichur,Sindhanur,Kolbala,GOVT.HIGHER PRIMARY SCHOOL KOLABAL,Kolabal,1,1,1,1
Raichur,Sindhanur,Kolbala,GOVT.HIGHER PRIMARY SCHOOL KOLABAL,Kolabal,1,1,0,1
Raichur,Sindhanur,Kolbala,GOVT.HIGHER PRIMARY SCHOOL KOLABAL,Kolabal,1,1,0,1
Raichur,Sindhanur,Kolbala,GOVT.HIGHER PRIMARY SCHOOL KOLABAL,Kolabal,1,1,1,1
Raichur,Sindhanur,Kolbala,GOVT.HIGHER PRIMARY SCHOOL KOLABAL,Kolabal,1,1,0,1
Raichur,Sindhanur,Kolbala,GOVT.HIGHER PRIMARY SCHOOL KOLABAL,Kolabal,1,0,1,1
Chikkaballapura,Chikkaballapur,Chickballapur rural,GHPS MANCHANABALE,Manchanabele,1,1,0,1
Chikkaballapura,Chikkaballapur,Chickballapur rural,GHPS MANCHANABALE,Manchanabele,1,1,0,0
Chikkaballapura,Chikkaballapur,Chickballapur rural,GHPS MANCHANABALE,Manchanabele,1,1,0,0
Chikkaballapura,Chikkaballapur,Chickballapur rural,GHPS MANCHANABALE,Manchanabele,1,1,0,1
Chikkaballapura,Chikkaballapur,Chickballapur rural,GHPS MANCHANABALE,Manchanabele,1,0,1,1
Chikkaballapura,Chikkaballapur,Chickballapur rural,GHPS MANCHANABALE,Manchanabele,1,1,1,1
Chikkaballapura,Chikkaballapur,Chickballapur rural,GHPS MANCHANABALE,Manchanabele,1,0,0,1
Chikkaballapura,Chikkaballapur,Chickballapur rural,GHPS MANCHANABALE,Manchanabele,1,1,0,0
Chikkaballapura,Chikkaballapur,Chickballapur rural,GHPS MANCHANABALE,Manchanabele,1,1,0,0
Chikkaballapura,Chikkaballapur,Chickballapur rural,GHPS MANCHANABALE,Manchanabele,1,0,0,1
Chikkaballapura,Chikkaballapur,Chickballapur rural,GHPS MANCHANABALE,Manchanabele,1,1,0,1
Chikkaballapura,Chikkaballapur,Chickballapur rural,GHPS MANCHANABALE,Manchanabele,1,1,0,1
Chikkaballapura,Chikkaballapur,Chickballapur rural,GHPS MANCHANABALE,Manchanabele,1,1,1,1
Chikkaballapura,Chikkaballapur,Chickballapur rural,GHPS MANCHANABALE,Manchanabele,1,1,0,0
Chikkaballapura,Chikkaballapur,Chickballapur rural,GHPS MANCHANABALE,Manchanabele,1,0,0,0
Chikkaballapura,Chikkaballapur,Chickballapur rural,GHPS MANCHANABALE,Manchanabele,1,1,0,1
Chikkaballapura,Chikkaballapur,Chickballapur rural,GHPS MANCHANABALE,Manchanabele,1,1,0,1
Chikkaballapura,Chikkaballapur,Chickballapur rural,GHPS MANCHANABALE,Manchanabele,1,1,1,0
Chikkaballapura,Chikkaballapur,Chickballapur rural,GHPS MANCHANABALE,Manchanabele,1,1,1,1
Chikkaballapura,Chikkaballapur,Chickballapur rural,GHPS MANCHANABALE,Manchanabele,1,1,0,0
Chikkaballapura,Chikkaballapur,Chickballapur rural,GHPS MANCHANABALE,Manchanabele,1,0,0,0
Chikkaballapura,Chikkaballapur,Chickballapur rural,GHPS MANCHANABALE,Manchanabele,0,1,0,1
Chikkaballapura,Chikkaballapur,Chickballapur rural,GHPS MANCHANABALE,Manchanabele,1,1,0,1
Chikkaballapura,Chikkaballapur,Chickballapur rural,GHPS MANCHANABALE,Manchanabele,1,1,1,1
Chikkaballapura,Chikkaballapur,Chickballapur rural,GHPS GUNDLAGURKI,Manchanabele,1,1,0,0
Chikkaballapura,Chikkaballapur,Chickballapur rural,GHPS GUNDLAGURKI,Manchanabele,0,0,0,0
Chikkaballapura,Chikkaballapur,Chickballapur rural,GHPS GUNDLAGURKI,Manchanabele,1,0,0,1
Chikkaballapura,Chikkaballapur,Chickballapur rural,GHPS GUNDLAGURKI,Manchanabele,0,0,0,0
Chikkaballapura,Chikkaballapur,Chickballapur rural,GHPS GUNDLAGURKI,Manchanabele,0,0,0,0
Chikkaballapura,Chikkaballapur,Chickballapur rural,GHPS GUNDLAGURKI,Manchanabele,1,1,0,1
Chikkaballapura,Chikkaballapur,Chickballapur rural,GHPS GUNDLAGURKI,Manchanabele,0,0,0,0
Chikkaballapura,Chikkaballapur,Chickballapur rural,GHPS GUNDLAGURKI,Manchanabele,1,0,0,0
Chikkaballapura,Chikkaballapur,Chickballapur rural,GHPS GUNDLAGURKI,Manchanabele,1,1,0,1
Chikkaballapura,Chikkaballapur,Chickballapur rural,GLPS. SABBENAHALLY,Manchanabele,1,1,0,0
Chikkaballapura,Chikkaballapur,Chickballapur rural,GLPS. SABBENAHALLY,Manchanabele,0,0,0,0
Chikkaballapura,Chikkaballapur,Chickballapur rural,GLPS. SABBENAHALLY,Manchanabele,1,1,0,1
Chikkaballapura,Chikkaballapur,Chickballapur rural,GLPS. SABBENAHALLY,Manchanabele,1,1,0,0
Chikkaballapura,Chikkaballapur,Chickballapur rural,GLPS. SABBENAHALLY,Manchanabele,1,1,1,1
Chikkaballapura,Chikkaballapur,Chickballapur rural,GLPS. SABBENAHALLY,Manchanabele,1,1,1,1
Chikkaballapura,Chikkaballapur,Chickballapur rural,GLPS. SABBENAHALLY,Manchanabele,1,1,0,0
Chikkaballapura,Chikkaballapur,Chickballapur rural,GLPS PUTTATHIMMANAHALLI,Manchanabele,1,1,0,1
Chikkaballapura,Chikkaballapur,Chickballapur rural,GLPS PUTTATHIMMANAHALLI,Manchanabele,1,1,0,0
Chikkaballapura,Chikkaballapur,Chickballapur rural,GLPS PUTTATHIMMANAHALLI,Manchanabele,1,1,1,0
Chikkaballapura,Chikkaballapur,Chickballapur rural,GLPS PUTTATHIMMANAHALLI,Manchanabele,1,1,0,1
Chikkaballapura,Chikkaballapur,Chickballapur rural,GLPS PUTTATHIMMANAHALLI,Manchanabele,0,0,0,0
Chikkaballapura,Chikkaballapur,Chickballapur rural,GLPS PUTTATHIMMANAHALLI,Manchanabele,0,0,0,0
Chikkaballapura,Chikkaballapur,Chickballapur rural,GLPS PUTTATHIMMANAHALLI,Manchanabele,1,1,1,0
Bengaluru rural,Nelamangala,Maralakunte,G HPS YELEKYATHANAHALLI,Maralakunte,1,0,0,0
Bengaluru rural,Nelamangala,Maralakunte,G HPS BENACHANAHALLI,Maralakunte,1,1,1,1
Bengaluru rural,Nelamangala,Maralakunte,G HPS BENACHANAHALLI,Maralakunte,1,1,1,1
Bengaluru rural,Nelamangala,Maralakunte,G HPS BENACHANAHALLI,Maralakunte,1,0,0,1
Bengaluru rural,Nelamangala,Maralakunte,G HPS BENACHANAHALLI,Maralakunte,1,0,0,1
Bengaluru rural,Nelamangala,Maralakunte,G LPS BENACHANAHALLI COLONY,Maralakunte,0,1,0,0
Bengaluru rural,Nelamangala,Maralakunte,G HPS DASENAHALLI,Maralakunte,1,0,1,1
Bengaluru rural,Nelamangala,Maralakunte,G HPS DASENAHALLI,Maralakunte,1,1,1,1
Bengaluru rural,Nelamangala,Maralakunte,G HPS DASENAHALLI,Maralakunte,1,1,0,1
Bengaluru rural,Nelamangala,Maralakunte,G HPS DASENAHALLI,Maralakunte,1,1,0,1
Bengaluru rural,Nelamangala,Maralakunte,G HPS DASENAHALLI,Maralakunte,1,1,1,0
Bengaluru rural,Nelamangala,Maralakunte,G HPS DASENAHALLI,Maralakunte,1,1,0,1
Bengaluru rural,Nelamangala,Maralakunte,G HPS DASENAHALLI,Maralakunte,1,0,0,0
Bengaluru rural,Nelamangala,Maralakunte,G HPS DASENAHALLI,Maralakunte,1,1,1,1
Bengaluru rural,Nelamangala,Maralakunte,G HPS DASENAHALLI,Maralakunte,0,0,0,0
Bengaluru rural,Nelamangala,Maralakunte,G HPS DASENAHALLI,Maralakunte,1,1,0,0
Bengaluru rural,Nelamangala,Maralakunte,G HPS BARAGURU,Maralakunte,1,1,0,0
Bengaluru rural,Nelamangala,Maralakunte,G HPS BARAGURU,Maralakunte,1,1,0,0
Bengaluru rural,Nelamangala,Maralakunte,G HPS BARAGURU,Maralakunte,1,0,0,0
Bengaluru rural,Nelamangala,Maralakunte,G HPS BARAGURU,Maralakunte,1,0,0,1
Bengaluru rural,Nelamangala,Maralakunte,G LPS BARAGURU COLONY,Maralakunte,1,1,1,1
Bengaluru rural,Nelamangala,Maralakunte,G LPS HULLARAVE,Maralakunte,1,1,0,1
Bengaluru rural,Nelamangala,Maralakunte,G LPS HULLARAVE,Maralakunte,1,0,0,1
Bengaluru rural,Nelamangala,Maralakunte,G LPS HULLARAVE,Maralakunte,1,1,1,0
Bengaluru rural,Nelamangala,Maralakunte,G LPS HULLARAVE,Maralakunte,1,1,0,1
Bengaluru rural,Nelamangala,Maralakunte,G HPS KUNTA BOMMANAHALLI,Maralakunte,1,1,0,1
Bengaluru rural,Nelamangala,Maralakunte,G HPS KUNTA BOMMANAHALLI,Maralakunte,1,1,1,1
Bengaluru rural,Nelamangala,Maralakunte,G HPS KUNTA BOMMANAHALLI,Maralakunte,1,1,0,1
Bengaluru rural,Nelamangala,Maralakunte,G HPS KUNTA BOMMANAHALLI,Maralakunte,1,1,1,0
Bengaluru rural,Nelamangala,Maralakunte,G HPS MARALAKUNTE,Maralakunte,1,1,0,0
Bengaluru rural,Nelamangala,Maralakunte,G HPS MARALAKUNTE,Maralakunte,1,0,1,1
Bengaluru rural,Nelamangala,Maralakunte,G HPS MARALAKUNTE,Maralakunte,1,1,0,0
Bengaluru rural,Nelamangala,Maralakunte,G HPS MARALAKUNTE,Maralakunte,1,0,0,1
Bengaluru rural,Nelamangala,Maralakunte,G HPS MARALAKUNTE,Maralakunte,1,1,1,1
Bengaluru rural,Nelamangala,Maralakunte,G HPS MARALAKUNTE,Maralakunte,1,1,1,1
Bengaluru rural,Nelamangala,Maralakunte,G HPS MARALAKUNTE,Maralakunte,1,1,0,1
Bengaluru rural,Nelamangala,Maralakunte,G HPS MARALAKUNTE,Maralakunte,1,1,1,1
Bengaluru rural,Nelamangala,Maralakunte,G HPS MARALAKUNTE,Maralakunte,1,1,0,0
Bengaluru rural,Nelamangala,Maralakunte,G HPS MARALAKUNTE,Maralakunte,0,0,0,0
Bengaluru rural,Devanahalli,Boodigere,G HPS SOMATHANAHALLI,Gangavara,1,1,1,1
Bengaluru rural,Devanahalli,Boodigere,G HPS SOMATHANAHALLI,Gangavara,1,1,0,0
Bengaluru rural,Devanahalli,Boodigere,G HPS SOMATHANAHALLI,Gangavara,1,0,0,1
Bengaluru rural,Devanahalli,Boodigere,G HPS SOMATHANAHALLI,Gangavara,1,1,0,0
Bengaluru rural,Devanahalli,Boodigere,G HPS SOMATHANAHALLI,Gangavara,1,1,0,1
Bengaluru rural,Devanahalli,Boodigere,G HPS SOMATHANAHALLI,Gangavara,1,0,0,1
Bengaluru rural,Devanahalli,Boodigere,G HPS SOMATHANAHALLI,Gangavara,1,1,0,1
Bengaluru rural,Devanahalli,Boodigere,G HPS SOMATHANAHALLI,Gangavara,1,1,0,0
Bengaluru rural,Devanahalli,Boodigere,G HPS GANGAVARA,Gangavara,1,1,0,0
Bengaluru rural,Devanahalli,Boodigere,G HPS GANGAVARA,Gangavara,1,0,0,0
Bengaluru rural,Devanahalli,Boodigere,G HPS GANGAVARA,Gangavara,1,0,0,0
Bengaluru rural,Devanahalli,Boodigere,G HPS GANGAVARA,Gangavara,1,1,0,0
Bengaluru rural,Devanahalli,Boodigere,G LPS NAGENAHALLI,Gangavara,1,1,1,1
Bengaluru rural,Devanahalli,Boodigere,G LPS CHOWDAPPANAHALLI,Gangavara,0,0,0,0
Bengaluru rural,Devanahalli,Boodigere,G LPS KAGGALAHALLI,Gangavara,1,1,1,1
Bengaluru rural,Devanahalli,Boodigere,G LPS KONDENAHALLI,Gangavara,1,1,0,1
Bengaluru rural,Devanahalli,Boodigere,G LPS KONDENAHALLI,Gangavara,0,0,0,1
Bengaluru rural,Devanahalli,Boodigere,G LPS KONDENAHALLI,Gangavara,1,1,0,0
Bengaluru rural,Devanahalli,Boodigere,G LPS KONDENAHALLI,Gangavara,0,0,0,0
Bengaluru rural,Devanahalli,Boodigere,G LPS KONDENAHALLI,Gangavara,0,0,0,0
Chitradurga,Challakere,T n kote,GOVERNMENT HIGHER PRIMARY SCHOOL  T.N.KOTE,T.n.kote,0,0,0,0
Chitradurga,Challakere,T n kote,GOVERNMENT HIGHER PRIMARY SCHOOL  T.N.KOTE,T.n.kote,0,0,0,0
Chitradurga,Challakere,T n kote,GOVERNMENT HIGHER PRIMARY SCHOOL  T.N.KOTE,T.n.kote,0,0,0,0
Chitradurga,Challakere,T n kote,GOVERNMENT HIGHER PRIMARY SCHOOL  T.N.KOTE,T.n.kote,0,0,0,0
Chitradurga,Challakere,T n kote,GOVERNMENT HIGHER PRIMARY SCHOOL  T.N.KOTE,T.n.kote,0,0,0,0
Chitradurga,Challakere,T n kote,GOVERNMENT HIGHER PRIMARY SCHOOL  T.N.KOTE,T.n.kote,1,0,0,1
Chitradurga,Challakere,T n kote,GOVERNMENT HIGHER PRIMARY SCHOOL  T.N.KOTE,T.n.kote,1,1,0,0
Chitradurga,Challakere,T n kote,GOVERNMENT HIGHER PRIMARY SCHOOL  T.N.KOTE,T.n.kote,1,0,0,0
Chitradurga,Challakere,T n kote,GOVERNMENT HIGHER PRIMARY SCHOOL  T.N.KOTE,T.n.kote,1,0,0,0
Chitradurga,Challakere,T n kote,GOVERNMENT HIGHER PRIMARY SCHOOL  T.N.KOTE,T.n.kote,1,0,0,0
Chitradurga,Challakere,T n kote,GOVERNMENT HIGHER PRIMARY SCHOOL  T.N.KOTE,T.n.kote,1,1,0,0
Chitradurga,Challakere,T n kote,GOVERNMENT HIGHER PRIMARY SCHOOL  T.N.KOTE,T.n.kote,1,0,1,1
Chitradurga,Challakere,T n kote,GOVERNMENT HIGHER PRIMARY SCHOOL  T.N.KOTE,T.n.kote,1,1,0,0
Chitradurga,Challakere,T n kote,GOVERNMENT HIGHER PRIMARY SCHOOL  T.N.KOTE,T.n.kote,1,0,1,0
Chitradurga,Challakere,T n kote,GOVERNMENT HIGHER PRIMARY SCHOOL  T.N.KOTE,T.n.kote,1,1,0,0
Chitradurga,Challakere,T n kote,GOVERNMENT HIGHER PRIMARY SCHOOL  T.N.KOTE,T.n.kote,1,1,0,0
Chitradurga,Challakere,T n kote,GOVERNMENT HIGHER PRIMARY SCHOOL  T.N.KOTE,T.n.kote,1,1,0,0
Chitradurga,Challakere,T n kote,GOVERNMENT HIGHER PRIMARY SCHOOL  T.N.KOTE,T.n.kote,1,0,0,1
Chitradurga,Challakere,T n kote,GOVERNMENT HIGHER PRIMARY SCHOOL  T.N.KOTE,T.n.kote,1,1,0,0
Chitradurga,Challakere,T n kote,GOVERNMENT HIGHER PRIMARY SCHOOL  T.N.KOTE,T.n.kote,1,1,0,0
Chitradurga,Challakere,T n kote,GOVERNMENT HIGHER PRIMARY SCHOOL  T.N.KOTE,T.n.kote,1,1,1,0
Chitradurga,Challakere,T n kote,GOVERNMENT HIGHER PRIMARY SCHOOL  T.N.KOTE,T.n.kote,1,1,0,0
Chitradurga,Challakere,T n kote,GOVERNMENT HIGHER PRIMARY SCHOOL  T.N.KOTE,T.n.kote,1,1,0,0
Chitradurga,Challakere,T n kote,GOVERNMENT HIGHER PRIMARY SCHOOL  T.N.KOTE,T.n.kote,1,1,1,1
Chitradurga,Challakere,T n kote,GOVERNMENT HIGHER PRIMARY SCHOOL  T.N.KOTE,T.n.kote,1,0,1,1
Chitradurga,Challakere,T n kote,GOVERNMENT HIGHER PRIMARY SCHOOL  GOSIKERE,T.n.kote,0,0,0,1
Chitradurga,Challakere,T n kote,GOVERNMENT HIGHER PRIMARY SCHOOL  GOSIKERE,T.n.kote,1,0,0,0
Chitradurga,Challakere,T n kote,GOVERNMENT HIGHER PRIMARY SCHOOL  GOSIKERE,T.n.kote,1,0,0,0
Chitradurga,Challakere,T n kote,GOVERNMENT HIGHER PRIMARY SCHOOL  GOSIKERE,T.n.kote,1,1,0,1
Chitradurga,Challakere,T n kote,GOVERNMENT HIGHER PRIMARY SCHOOL  GOSIKERE,T.n.kote,1,1,0,0
Chitradurga,Challakere,T n kote,GOVERNMENT HIGHER PRIMARY SCHOOL  GOSIKERE,T.n.kote,1,0,0,0
Chitradurga,Challakere,T n kote,GOVERNMENT HIGHER PRIMARY SCHOOL  GOSIKERE,T.n.kote,1,1,0,1
Chitradurga,Challakere,T n kote,GOVERNMENT HIGHER PRIMARY SCHOOL  GOSIKERE,T.n.kote,1,0,0,0
Chitradurga,Challakere,T n kote,GOVERNMENT HIGHER PRIMARY SCHOOL  GOSIKERE,T.n.kote,1,0,0,1
Chitradurga,Challakere,T n kote,GOVERNMENT HIGHER PRIMARY SCHOOL  GOSIKERE,T.n.kote,1,1,0,1
Chitradurga,Challakere,T n kote,GOVERNMENT HIGHER PRIMARY SCHOOL  GOSIKERE,T.n.kote,1,0,1,0
Chitradurga,Challakere,T n kote,GOVERNMENT HIGHER PRIMARY SCHOOL  GOSIKERE,T.n.kote,1,1,1,1
Chitradurga,Challakere,T n kote,GOVERNMENT HIGHER PRIMARY SCHOOL  GOSIKERE,T.n.kote,1,1,1,1
Chitradurga,Challakere,T n kote,GOVERNMENT HIGHER PRIMARY SCHOOL  T.N.KOTE,T.n.kote,1,0,0,1
Chitradurga,Challakere,T n kote,GOVERNMENT HGIHER PRIMARY SCHOOL  TOREBEERANAHALLY,T.n.kote,1,0,0,0
Chitradurga,Challakere,T n kote,GOVERNMENT HGIHER PRIMARY SCHOOL  TOREBEERANAHALLY,T.n.kote,1,1,0,1
Chitradurga,Challakere,T n kote,GOVERNMENT HGIHER PRIMARY SCHOOL  TOREBEERANAHALLY,T.n.kote,1,1,0,1
Chitradurga,Challakere,T n kote,GOVERNMENT HGIHER PRIMARY SCHOOL  TOREBEERANAHALLY,T.n.kote,1,1,0,1
Chitradurga,Challakere,T n kote,GOVERNMENT LOWER PRIMARY SCHOOL  MELUKOTE,T.n.kote,0,0,0,0
Chitradurga,Challakere,T n kote,GOVERNMENT LOWER PRIMARY SCHOOL  MELUKOTE,T.n.kote,1,1,0,0
Chitradurga,Challakere,T n kote,GOVERNMENT LOWER PRIMARY SCHOOL  MELUKOTE,T.n.kote,1,1,0,0
Chitradurga,Challakere,T n kote,GOVERNMENT LOWER PRIMARY SCHOOL  MELUKOTE,T.n.kote,1,0,0,0
Chitradurga,Challakere,T n kote,GOVERNMENT LOWER PRIMARY SCHOOL  MELUKOTE,T.n.kote,0,1,0,1
Chitradurga,Challakere,T n kote,GOVERNMENT LOWER PRIMARY SCHOOL  MELUKOTE,T.n.kote,1,1,0,0
Chitradurga,Challakere,T n kote,GOVERNMENT LOWER PRIMARY SCHOOL  KONIGARAHALLY,T.n.kote,1,1,0,0
Chitradurga,Challakere,T n kote,GOVERNMENT LOWER PRIMARY SCHOOL  KONIGARAHALLY,T.n.kote,1,0,0,0
Chitradurga,Challakere,T n kote,GOVERNMENT LOWER PRIMARY SCHOOL  KONIGARAHALLY,T.n.kote,1,1,0,1
Chitradurga,Challakere,T n kote,GOVERNMENT LOWER PRIMARY SCHOOL  KONIGARAHALLY,T.n.kote,1,1,1,1
Chitradurga,Challakere,T n kote,GOVERNMENT LOWER PRIMARY SCHOOL  KONIGARAHALLY,T.n.kote,0,0,0,1
Chitradurga,Challakere,T n kote,GOVERNMENT LOWER PRIMARY SCHOOL GATAPARTHY HOSAKAPILE,T.n.kote,0,0,1,1
Raichur,Raichur,Gadhar,GOVT.HIGHER PRIMARY SCHOOL MANJARALA,Kamalpur,0,0,1,0
Raichur,Raichur,Gadhar,GOVT.HIGHER PRIMARY SCHOOL MANJARALA,Kamalpur,1,1,1,1
Raichur,Raichur,Gadhar,GOVT.HIGHER PRIMARY SCHOOL MANJARALA,Kamalpur,1,0,1,1
Raichur,Raichur,Gadhar,GOVT.HIGHER PRIMARY SCHOOL KAMALAPUR,Kamalpur,0,1,1,1
Raichur,Raichur,Gadhar,GOVT.HIGHER PRIMARY SCHOOL KAMALAPUR,Kamalpur,1,1,1,1
Raichur,Raichur,Gadhar,GOVT.HIGHER PRIMARY SCHOOL KAMALAPUR,Kamalpur,0,1,1,1
Raichur,Raichur,Gadhar,GOVT.HIGHER PRIMARY SCHOOL ANWAR,Kamalpur,1,1,1,1
Raichur,Raichur,Gadhar,GOVT.HIGHER PRIMARY SCHOOL ANWAR,Kamalpur,1,1,1,1
Raichur,Raichur,Gadhar,GOVT.LOWER PRIMARY SCHOOL HOSAGONWAR,Kamalpur,0,0,1,1
Raichur,Raichur,Gadhar,GOVT.LOWER PRIMARY SCHOOL HOSAGONWAR,Kamalpur,1,1,1,1
Raichur,Raichur,Gadhar,GOVT.LOWER PRIMARY SCHOOL HOSAGONWAR,Kamalpur,1,1,1,1
Raichur,Raichur,Gadhar,GOVT.LOWER PRIMARY SCHOOL HOSAGONWAR,Kamalpur,1,1,1,0
Raichur,Raichur,Gadhar,GOVT.LOWER PRIMARY SCHOOL HOSAGONWAR,Kamalpur,1,1,1,0
Raichur,Raichur,Gadhar,GOVT.LOWER PRIMARY SCHOOL HOSAGONWAR,Kamalpur,0,0,1,1
Raichur,Raichur,Gadhar,GOVT.LOWER PRIMARY SCHOOL HOSAGONWAR,Kamalpur,0,1,1,1
Raichur,Raichur,Gadhar,GOVT.LOWER PRIMARY SCHOOL HOSAGONWAR,Kamalpur,1,1,1,1
Raichur,Raichur,Gadhar,GOVT.LOWER PRIMARY SCHOOL HOSAGONWAR,Kamalpur,1,1,1,1
Raichur,Raichur,Gadhar,GOVT.LOWER PRIMARY SCHOOL HOSAGONWAR,Kamalpur,1,1,1,1
Raichur,Raichur,Gadhar,GOVT.LOWER PRIMARY SCHOOL HOSAGONWAR,Kamalpur,1,1,1,0
Raichur,Raichur,Gadhar,GOVT.LOWER PRIMARY SCHOOL HOSAGONWAR,Kamalpur,1,1,1,1
Raichur,Raichur,Gadhar,GOVT.LOWER PRIMARY SCHOOL HOSAGONWAR,Kamalpur,1,1,1,1
Raichur,Raichur,Gadhar,GOVT.HIGHER PRIMARY SCHOOL GONWAR,Kamalpur,1,1,0,0
Raichur,Raichur,Gadhar,GOVT.HIGHER PRIMARY SCHOOL GONWAR,Kamalpur,1,0,0,1
Raichur,Raichur,Gadhar,GOVT.HIGHER PRIMARY SCHOOL GONWAR,Kamalpur,1,1,0,0
Raichur,Raichur,Gadhar,GOVT.HIGHER PRIMARY SCHOOL GONWAR,Kamalpur,1,0,0,0
Raichur,Raichur,Gadhar,GOVT.HIGHER PRIMARY SCHOOL GONWAR,Kamalpur,1,1,0,0
Raichur,Raichur,Gadhar,GOVT.HIGHER PRIMARY SCHOOL GONWAR,Kamalpur,0,0,1,0
Raichur,Raichur,Gadhar,GOVT.HIGHER PRIMARY SCHOOL GONWAR,Kamalpur,1,1,0,0
Raichur,Raichur,Gadhar,GOVT.HIGHER PRIMARY SCHOOL GONWAR,Kamalpur,0,1,1,0
Raichur,Raichur,Gadhar,GOVT.HIGHER PRIMARY SCHOOL GONWAR,Kamalpur,1,1,0,0
Raichur,Raichur,Gadhar,GOVT.HIGHER PRIMARY SCHOOL GONWAR,Kamalpur,1,1,0,1
Raichur,Raichur,Gadhar,GOVT.HIGHER PRIMARY SCHOOL GONWAR,Kamalpur,1,0,0,1
Raichur,Raichur,Gadhar,GOVT.HIGHER PRIMARY SCHOOL GONWAR,Kamalpur,1,1,0,0
Raichur,Raichur,Gadhar,GOVT.HIGHER PRIMARY SCHOOL GONWAR,Kamalpur,1,1,0,1
Raichur,Raichur,Gadhar,GOVT.HIGHER PRIMARY SCHOOL GONWAR,Kamalpur,1,1,0,0
Dharwad,Kundagol,Urdu kundagol,GHPS KANNADA GIRLS YALIWAL,Yeliwal,1,1,1,1
Dharwad,Kundagol,Urdu kundagol,GHPS KANNADA GIRLS YALIWAL,Yeliwal,1,1,1,1
Dharwad,Kundagol,Urdu kundagol,GHPS KANNADA GIRLS YALIWAL,Yeliwal,1,1,1,1
Dharwad,Kundagol,Urdu kundagol,GHPS KANNADA GIRLS YALIWAL,Yeliwal,1,1,1,0
Dharwad,Kundagol,Urdu kundagol,GHPS KANNADA GIRLS YALIWAL,Yeliwal,1,1,1,1
Dharwad,Kundagol,Urdu kundagol,GHPS KANNADA GIRLS YALIWAL,Yeliwal,1,1,1,1
Dharwad,Kundagol,Urdu kundagol,GHPS KANNADA GIRLS YALIWAL,Yeliwal,1,1,1,0
Dharwad,Kundagol,Urdu kundagol,GHPS KANNADA GIRLS YALIWAL,Yeliwal,1,1,1,1
Dharwad,Kundagol,Urdu kundagol,GHPS KANNADA GIRLS YALIWAL,Yeliwal,1,1,0,1
Dharwad,Kundagol,Urdu kundagol,GHPS KANNADA GIRLS YALIWAL,Yeliwal,1,1,1,0
Dharwad,Kundagol,Urdu kundagol,GHPS KANNADA GIRLS YALIWAL,Yeliwal,1,1,1,0
Dharwad,Kundagol,Urdu kundagol,GHPS KANNADA GIRLS YALIWAL,Yeliwal,0,1,1,1
Dharwad,Kundagol,Urdu kundagol,GHPS KANNADA GIRLS YALIWAL,Yeliwal,1,1,1,1
Dharwad,Kundagol,Urdu kundagol,GHPS KANNADA GIRLS YALIWAL,Yeliwal,1,1,0,1
Dharwad,Kundagol,Urdu kundagol,GHPS KANNADA GIRLS YALIWAL,Yeliwal,1,1,1,1
Dharwad,Kundagol,Urdu kundagol,GHPS KANNADA GIRLS YALIWAL,Yeliwal,1,1,1,1
Dharwad,Kundagol,Urdu kundagol,GHPS KANNADA GIRLS YALIWAL,Yeliwal,1,0,0,1
Dharwad,Kundagol,Urdu kundagol,GHPS KANNADA GIRLS YALIWAL,Yeliwal,1,1,0,1
Dharwad,Kundagol,Urdu kundagol,GHPS KANNADA GIRLS YALIWAL,Yeliwal,1,1,0,0
Dharwad,Kundagol,Urdu kundagol,GHPS KANNADA GIRLS YALIWAL,Yeliwal,1,1,0,0
Dharwad,Kundagol,Urdu kundagol,GHPS KANNADA GIRLS YALIWAL,Yeliwal,1,1,1,1
Dharwad,Kundagol,Urdu kundagol,GHPS KANNADA GIRLS YALIWAL,Yeliwal,1,1,1,1
Dharwad,Kundagol,Urdu kundagol,GHPS KANNADA GIRLS YALIWAL,Yeliwal,1,1,0,0
Dharwad,Kundagol,Urdu kundagol,GHPS KANNADA GIRLS YALIWAL,Yeliwal,1,0,1,1
Dharwad,Kundagol,Urdu kundagol,GHPS KANNADA GIRLS YALIWAL,Yeliwal,1,0,0,0
Dharwad,Kundagol,Urdu kundagol,GHPS KANNADA GIRLS YALIWAL,Yeliwal,0,0,1,1
Dharwad,Kundagol,Urdu kundagol,GHPS KANNADA GIRLS YALIWAL,Yeliwal,1,1,1,1
Dharwad,Kundagol,Urdu kundagol,GHPS KANNADA GIRLS YALIWAL,Yeliwal,1,1,1,1
Dharwad,Kundagol,Urdu kundagol,GHPS KANNADA GIRLS YALIWAL,Yeliwal,1,1,1,1
Dharwad,Kundagol,Urdu kundagol,GHPS KANNADA GIRLS YALIWAL,Yeliwal,1,1,0,1
Dharwad,Kundagol,Urdu kundagol,GHPS KANNADA GIRLS YALIWAL,Yeliwal,1,0,0,1
Dharwad,Kundagol,Urdu kundagol,GHPS KANNADA GIRLS YALIWAL,Yeliwal,1,1,1,0
Dharwad,Kundagol,Urdu kundagol,GHPS KANNADA GIRLS YALIWAL,Yeliwal,0,0,0,0
Dharwad,Kundagol,Urdu kundagol,GHPS KANNADA GIRLS YALIWAL,Yeliwal,1,1,1,0
Dharwad,Kundagol,Urdu kundagol,GHPS KANNADA GIRLS YALIWAL,Yeliwal,1,1,1,0
Dharwad,Kundagol,Urdu kundagol,GHPS KANNADA GIRLS YALIWAL,Yeliwal,0,0,0,0
Dharwad,Kundagol,Urdu kundagol,GHPS KANNADA GIRLS YALIWAL,Yeliwal,1,1,1,1
Dharwad,Kundagol,Urdu kundagol,GHPS KANNADA GIRLS YALIWAL,Yeliwal,1,0,0,0
Dharwad,Kundagol,Urdu kundagol,GHPS KANNADA GIRLS YALIWAL,Yeliwal,1,1,1,0
Dharwad,Kundagol,Urdu kundagol,GHPS KANNADA GIRLS YALIWAL,Yeliwal,1,1,0,0
Dharwad,Kundagol,Urdu kundagol,GHPS KANNADA GIRLS YALIWAL,Yeliwal,1,1,0,0
Dharwad,Kundagol,Urdu kundagol,GHPS KANNADA GIRLS YALIWAL,Yeliwal,1,1,1,1
Dharwad,Kundagol,Urdu kundagol,GHPS KANNADA GIRLS YALIWAL,Yeliwal,1,1,1,0
Ballari,Siruguppa,Talur,GLPS (SWS) UTHANOOR,Uththanuru,1,1,1,1
Ballari,Siruguppa,Talur,GLPS (SWS) UTHANOOR,Uththanuru,1,1,1,0
Ballari,Siruguppa,Talur,GLPS (SWS) UTHANOOR,Uththanuru,1,1,1,0
Ballari,Siruguppa,Talur,GLPS (SWS) UTHANOOR,Uththanuru,1,1,1,0
Ballari,Siruguppa,Talur,GLPS (SWS) UTHANOOR,Uththanuru,1,1,1,1
Ballari,Siruguppa,Talur,GLPS (SWS) UTHANOOR,Uththanuru,1,1,0,1
Ballari,Siruguppa,Talur,GLPS (SWS) UTHANOOR,Uththanuru,1,1,1,1
Ballari,Siruguppa,Talur,GLPS (SWS) UTHANOOR,Uththanuru,1,1,1,1
Ballari,Siruguppa,Talur,GLPS (SWS) UTHANOOR,Uththanuru,1,1,1,1
Ballari,Siruguppa,Talur,GLPS (SWS) UTHANOOR,Uththanuru,1,1,0,1
Ballari,Siruguppa,Talur,GHPS UTHANOOR,Uththanuru,1,1,1,1
Ballari,Siruguppa,Talur,GHPS UTHANOOR,Uththanuru,1,1,1,1
Ballari,Siruguppa,Talur,GHPS UTHANOOR,Uththanuru,1,1,1,1
Ballari,Siruguppa,Talur,GHPS UTHANOOR,Uththanuru,1,1,1,1
Ballari,Siruguppa,Talur,GHPS UTHANOOR,Uththanuru,1,1,1,1
Ballari,Siruguppa,Talur,GHPS UTHANOOR,Uththanuru,1,0,1,0
Ballari,Siruguppa,Talur,GHPS UTHANOOR,Uththanuru,1,1,1,1
Ballari,Siruguppa,Talur,GHPS UTHANOOR,Uththanuru,1,0,1,1
Ballari,Siruguppa,Talur,GHPS UTHANOOR,Uththanuru,1,1,0,0
Ballari,Siruguppa,Talur,GHPS UTHANOOR,Uththanuru,1,0,1,1
Ballari,Siruguppa,Talur,GHPS UTHANOOR,Uththanuru,1,0,1,0
Ballari,Siruguppa,Talur,GHPS UTHANOOR,Uththanuru,1,0,1,0
Ballari,Siruguppa,Talur,GHPS UTHANOOR,Uththanuru,1,0,0,0
Ballari,Siruguppa,Talur,GHPS UTHANOOR,Uththanuru,1,1,1,1
Ballari,Siruguppa,Talur,GHPS UTHANOOR,Uththanuru,1,1,1,1
Ballari,Siruguppa,Talur,GHPS UTHANOOR,Uththanuru,1,1,1,1
Ballari,Siruguppa,Talur,GHPS UTHANOOR,Uththanuru,1,1,1,1
Ballari,Siruguppa,Talur,GHPS UTHANOOR,Uththanuru,0,1,1,1
Ballari,Siruguppa,Talur,GHPS UTHANOOR,Uththanuru,0,1,1,0
Ballari,Siruguppa,Talur,GHPS UTHANOOR,Uththanuru,0,1,1,1
Ballari,Siruguppa,Talur,GHPS UTHANOOR,Uththanuru,0,1,1,1
Ballari,Siruguppa,Talur,GHPS UTHANOOR,Uththanuru,0,1,1,0
Ballari,Siruguppa,Talur,GHPS UTHANOOR,Uththanuru,0,1,1,0
Ballari,Siruguppa,Talur,GHPS UTHANOOR,Uththanuru,0,0,1,1
Ballari,Siruguppa,Talur,GHPS UTHANOOR,Uththanuru,1,1,0,1
Ballari,Siruguppa,Talur,GHPS UTHANOOR,Uththanuru,0,0,1,0
Ballari,Siruguppa,Talur,GHPS & GHS MOTA SUGUR,Uththanuru,1,1,1,1
Ballari,Siruguppa,Talur,GHPS & GHS MOTA SUGUR,Uththanuru,1,1,1,1
Ballari,Siruguppa,Talur,GHPS & GHS MOTA SUGUR,Uththanuru,1,1,1,1
Ballari,Siruguppa,Talur,GHPS & GHS MOTA SUGUR,Uththanuru,1,1,1,1
Ballari,Siruguppa,Talur,GHPS & GHS MOTA SUGUR,Uththanuru,1,1,1,1
Ballari,Siruguppa,Talur,GHPS & GHS MOTA SUGUR,Uththanuru,0,1,1,1
Ballari,Siruguppa,Talur,GHPS & GHS MOTA SUGUR,Uththanuru,1,1,0,1
Ballari,Siruguppa,Talur,GHPS & GHS MOTA SUGUR,Uththanuru,1,1,0,0
Ballari,Siruguppa,Talur,GHPS & GHS MOTA SUGUR,Uththanuru,1,1,1,1
Ballari,Siruguppa,Talur,GHPS & GHS MOTA SUGUR,Uththanuru,1,1,1,1
Ballari,Siruguppa,Talur,GHPS & GHS MOTA SUGUR,Uththanuru,0,1,1,0
Ballari,Siruguppa,Talur,GHPS & GHS MOTA SUGUR,Uththanuru,1,0,1,1
Ballari,Siruguppa,Talur,GHPS & GHS MOTA SUGUR,Uththanuru,0,0,0,0
Ballari,Siruguppa,Talur,GHPS & GHS MOTA SUGUR,Uththanuru,1,1,1,0
Ballari,Siruguppa,Talur,GHPS & GHS MOTA SUGUR,Uththanuru,1,1,1,1
Ballari,Siruguppa,Talur,GHPS & GHS MOTA SUGUR,Uththanuru,0,1,1,1
Ballari,Siruguppa,Talur,GHPS   KOORIGANOOR,Uththanuru,1,1,0,0
Ballari,Siruguppa,Talur,GHPS   KOORIGANOOR,Uththanuru,1,1,0,1
Ballari,Siruguppa,Talur,GHPS   KOORIGANOOR,Uththanuru,1,1,0,1
Ballari,Siruguppa,Talur,GHPS   KOORIGANOOR,Uththanuru,1,1,0,1
Ballari,Siruguppa,Talur,GHPS   KOORIGANOOR,Uththanuru,1,1,0,0
Ballari,Siruguppa,Talur,GHPS   KOORIGANOOR,Uththanuru,1,1,0,1
Ballari,Siruguppa,Talur,GHPS   KOORIGANOOR,Uththanuru,1,1,1,1
Ballari,Siruguppa,Talur,GHPS   KOORIGANOOR,Uththanuru,1,1,0,1
Ballari,Siruguppa,Talur,GHPS   KOORIGANOOR,Uththanuru,1,1,0,1
Ballari,Siruguppa,Talur,GHPS   KOORIGANOOR,Uththanuru,0,1,0,1
Ballari,Siruguppa,Talur,GHPS   KOORIGANOOR,Uththanuru,1,1,1,1
Ballari,Siruguppa,Talur,GHPS   KOORIGANOOR,Uththanuru,1,1,0,1
Ballari,Siruguppa,Talur,GHPS   KOORIGANOOR,Uththanuru,1,1,1,1
Ballari,Siruguppa,Talur,GHPS   KOORIGANOOR,Uththanuru,0,1,1,1
Ballari,Siruguppa,Talur,GHPS   KOORIGANOOR,Uththanuru,1,1,1,1
Ballari,Siruguppa,Talur,GHPS   KOORIGANOOR,Uththanuru,0,1,1,1
Ballari,Siruguppa,Talur,GHPS   KOORIGANOOR,Uththanuru,1,1,1,1
Ballari,Siruguppa,Talur,GHPS   KOORIGANOOR,Uththanuru,1,1,1,1
Ballari,Siruguppa,Talur,GHPS   KOORIGANOOR,Uththanuru,1,1,1,1
Ballari,Siruguppa,Talur,GHPS   KOORIGANOOR,Uththanuru,0,0,1,1
Ballari,Siruguppa,Sirigeri,GLPS BASAVANA PETE,Sirigeri,1,1,1,1
Ballari,Siruguppa,Sirigeri,GLPS BASAVANA PETE,Sirigeri,1,1,1,1
Ballari,Siruguppa,Sirigeri,GLPS BASAVANA PETE,Sirigeri,1,1,1,1
Ballari,Siruguppa,Sirigeri,GLPS BASAVANA PETE,Sirigeri,1,1,1,1
Ballari,Siruguppa,Sirigeri,GLPS BASAVANA PETE,Sirigeri,1,1,1,1
Ballari,Siruguppa,Sirigeri,GLPS BASAVANA PETE,Sirigeri,1,1,1,1
Ballari,Siruguppa,Sirigeri,GLPS BASAVANA PETE,Sirigeri,1,1,0,0
Ballari,Siruguppa,Sirigeri,GLPS BASAVANA PETE,Sirigeri,1,1,0,1
Ballari,Siruguppa,Sirigeri,GLPS BASAVANA PETE,Sirigeri,1,0,0,1
Ballari,Siruguppa,Sirigeri,GLPS BASAVANA PETE,Sirigeri,0,0,0,0
Ballari,Siruguppa,Sirigeri,GLPS BASAVANA PETE,Sirigeri,0,1,0,1
Ballari,Siruguppa,Sirigeri,GLPS BASAVANA PETE,Sirigeri,1,0,0,1
Ballari,Siruguppa,Sirigeri,GLPS BASAVANA PETE,Sirigeri,1,0,0,1
Ballari,Siruguppa,Sirigeri,GLPS BASAVANA PETE,Sirigeri,1,0,0,1
Ballari,Siruguppa,Sirigeri,GLPS BASAVANA PETE,Sirigeri,0,0,1,1
Ballari,Siruguppa,Sirigeri,GLPS BASAVANA PETE,Sirigeri,1,1,0,1
Ballari,Siruguppa,Sirigeri,GHPS JANATA COLONY,Sirigeri,0,0,0,0
Ballari,Siruguppa,Sirigeri,GHPS JANATA COLONY,Sirigeri,1,1,0,0
Ballari,Siruguppa,Sirigeri,GHPS JANATA COLONY,Sirigeri,1,1,0,1
Ballari,Siruguppa,Sirigeri,GHPS JANATA COLONY,Sirigeri,1,1,0,0
Ballari,Siruguppa,Sirigeri,GHPS JANATA COLONY,Sirigeri,1,1,0,0
Ballari,Siruguppa,Sirigeri,GHPS JANATA COLONY,Sirigeri,1,1,0,0
Ballari,Siruguppa,Sirigeri,GHPS JANATA COLONY,Sirigeri,1,0,0,1
Ballari,Siruguppa,Sirigeri,GHPS JANATA COLONY,Sirigeri,1,0,0,1
Ballari,Siruguppa,Sirigeri,GHPS JANATA COLONY,Sirigeri,1,1,0,1
Ballari,Siruguppa,Sirigeri,GHPS JANATA COLONY,Sirigeri,1,0,0,1
Ballari,Siruguppa,Sirigeri,GHPS JANATA COLONY,Sirigeri,1,0,0,1
Ballari,Siruguppa,Sirigeri,GHPS JANATA COLONY,Sirigeri,1,0,0,1
Ballari,Siruguppa,Sirigeri,GHPS JANATA COLONY,Sirigeri,1,0,0,1
Ballari,Siruguppa,Sirigeri,GHPS JANATA COLONY,Sirigeri,1,1,0,1
Ballari,Siruguppa,Sirigeri,GHPS JANATA COLONY,Sirigeri,1,0,0,1
Ballari,Siruguppa,Sirigeri,GHPS JANATA COLONY,Sirigeri,1,1,0,1
Ballari,Siruguppa,Sirigeri,GHPS JANATA COLONY,Sirigeri,1,1,0,1
Ballari,Siruguppa,Sirigeri,GHPS   SIRIGERI,Sirigeri,1,1,1,1
Ballari,Siruguppa,Sirigeri,GHPS   SIRIGERI,Sirigeri,1,1,1,1
Ballari,Siruguppa,Sirigeri,GHPS   SIRIGERI,Sirigeri,1,1,0,1
Ballari,Siruguppa,Sirigeri,GHPS   SIRIGERI,Sirigeri,1,0,0,0
Ballari,Siruguppa,Sirigeri,GHPS   SIRIGERI,Sirigeri,1,0,0,0
Ballari,Siruguppa,Sirigeri,GHPS   SIRIGERI,Sirigeri,1,0,0,0
Ballari,Siruguppa,Sirigeri,GHPS   SIRIGERI,Sirigeri,1,0,0,0
Ballari,Siruguppa,Sirigeri,GHPS   SIRIGERI,Sirigeri,0,0,0,0
Ballari,Siruguppa,Sirigeri,GHPS   SIRIGERI,Sirigeri,0,0,0,0
Ballari,Siruguppa,Sirigeri,GHPS   SIRIGERI,Sirigeri,0,0,0,0
Ballari,Siruguppa,Sirigeri,GHPS   SIRIGERI,Sirigeri,1,0,0,0
Ballari,Siruguppa,Sirigeri,GHPS   SIRIGERI,Sirigeri,1,1,0,0
Ballari,Siruguppa,Sirigeri,GHPS   SIRIGERI,Sirigeri,1,0,0,0
Ballari,Siruguppa,Sirigeri,GHPS   SIRIGERI,Sirigeri,1,1,0,0
Ballari,Siruguppa,Sirigeri,GHPS   SIRIGERI,Sirigeri,1,1,0,0
Ballari,Siruguppa,Sirigeri,GHPS   SIRIGERI,Sirigeri,1,1,1,1
Ballari,Siruguppa,Sirigeri,GHPS   SIRIGERI,Sirigeri,1,1,0,0
Ballari,Siruguppa,Sirigeri,GHPS   SIRIGERI,Sirigeri,1,1,1,1
Ballari,Siruguppa,Sirigeri,GHPS   SIRIGERI,Sirigeri,1,0,0,0
Ballari,Siruguppa,Sirigeri,GHPS   SIRIGERI,Sirigeri,1,0,0,0
Ballari,Siruguppa,Sirigeri,GHPS   SIRIGERI,Sirigeri,1,1,0,1
Ballari,Siruguppa,Sirigeri,GHPS   SIRIGERI,Sirigeri,1,1,0,0
Ballari,Siruguppa,Sirigeri,GMHPS  SIRIGERI,Sirigeri,1,0,0,0
Ballari,Siruguppa,Sirigeri,GMHPS  SIRIGERI,Sirigeri,1,0,0,0
Ballari,Siruguppa,Sirigeri,GMHPS  SIRIGERI,Sirigeri,1,0,0,0
Ballari,Siruguppa,Sirigeri,GMHPS  SIRIGERI,Sirigeri,1,0,0,0
Ballari,Siruguppa,Sirigeri,GMHPS  SIRIGERI,Sirigeri,1,0,0,0
Ballari,Siruguppa,Sirigeri,GMHPS  SIRIGERI,Sirigeri,1,1,0,0
Ballari,Siruguppa,Sirigeri,GMHPS  SIRIGERI,Sirigeri,1,1,0,0
Ballari,Siruguppa,Sirigeri,GMHPS  SIRIGERI,Sirigeri,1,1,1,0
Ballari,Siruguppa,Sirigeri,GMHPS  SIRIGERI,Sirigeri,1,1,1,0
Ballari,Siruguppa,Sirigeri,GMHPS  SIRIGERI,Sirigeri,1,1,0,0
Ballari,Siruguppa,Sirigeri,GMHPS  SIRIGERI,Sirigeri,1,0,0,0
Ballari,Siruguppa,Sirigeri,GMHPS  SIRIGERI,Sirigeri,1,0,0,1
Ballari,Siruguppa,Sirigeri,GMHPS  SIRIGERI,Sirigeri,1,1,1,0
Ballari,Siruguppa,Sirigeri,GMHPS  SIRIGERI,Sirigeri,1,0,0,0
Ballari,Siruguppa,Sirigeri,GMHPS  SIRIGERI,Sirigeri,1,1,0,0
Ballari,Siruguppa,Sirigeri,GMHPS  SIRIGERI,Sirigeri,1,1,1,1
Ballari,Siruguppa,Sirigeri,GMHPS  SIRIGERI,Sirigeri,1,1,1,1
Ballari,Siruguppa,Sirigeri,GHPS    SIRIGERI,Sirigeri,1,1,0,1
Ballari,Siruguppa,Sirigeri,GHPS    SIRIGERI,Sirigeri,1,1,0,1
Ballari,Siruguppa,Sirigeri,GHPS    SIRIGERI,Sirigeri,1,1,0,1
Ballari,Siruguppa,Sirigeri,GHPS    SIRIGERI,Sirigeri,1,1,0,1
Ballari,Siruguppa,Sirigeri,GHPS    SIRIGERI,Sirigeri,1,1,1,1
Ballari,Siruguppa,Sirigeri,GHPS    SIRIGERI,Sirigeri,1,1,0,1
Ballari,Siruguppa,Sirigeri,GHPS    SIRIGERI,Sirigeri,1,1,1,0
Ballari,Siruguppa,Sirigeri,GHPS    SIRIGERI,Sirigeri,1,1,0,1
Ballari,Siruguppa,Sirigeri,GHPS    SIRIGERI,Sirigeri,0,0,0,0
Ballari,Siruguppa,Sirigeri,GHPS    SIRIGERI,Sirigeri,1,1,1,1
Ballari,Siruguppa,Sirigeri,GHPS    SIRIGERI,Sirigeri,1,1,1,0
Ballari,Siruguppa,Sirigeri,GHPS    SIRIGERI,Sirigeri,1,1,0,0
Ballari,Siruguppa,Sirigeri,GHPS    SIRIGERI,Sirigeri,1,1,0,0
Ballari,Siruguppa,Sirigeri,GHPS    SIRIGERI,Sirigeri,1,0,0,1
Ballari,Siruguppa,Sirigeri,GHPS    SIRIGERI,Sirigeri,1,1,0,0
Ballari,Siruguppa,Sirigeri,GHPS    SIRIGERI,Sirigeri,1,1,0,0
Ballari,Siruguppa,Sirigeri,GHPS    SIRIGERI,Sirigeri,1,1,0,0
Ballari,Siruguppa,Sirigeri,GHPS    SIRIGERI,Sirigeri,1,1,0,0
Ballari,Siruguppa,Sirigeri,GHPS    SIRIGERI,Sirigeri,1,1,0,0
Ballari,Siruguppa,Sirigeri,GHPS    SIRIGERI,Sirigeri,1,1,0,0
Ballari,Siruguppa,Sirigeri,GHPS    SIRIGERI,Sirigeri,0,0,0,0
Ballari,Siruguppa,Sirigeri,GHPS    SIRIGERI,Sirigeri,1,0,0,1
Ballari,Siruguppa,Sirigeri,GHPS    SIRIGERI,Sirigeri,0,0,0,1
Ballari,Siruguppa,Sirigeri,GHPS    SIRIGERI,Sirigeri,0,0,0,0
Ballari,Siruguppa,Sirigeri,GHPS    SIRIGERI,Sirigeri,0,0,0,0
Chamarajanagara,Yelandur,Maddur,GHPS MADDUR,Maddur,1,1,1,1
Chamarajanagara,Yelandur,Maddur,GHPS MADDUR,Maddur,1,0,1,1
Chamarajanagara,Yelandur,Maddur,GHPS MADDUR,Maddur,0,0,1,0
Chamarajanagara,Yelandur,Maddur,GHPS MADDUR,Maddur,0,1,0,1
Chamarajanagara,Yelandur,Maddur,GHPS MADDUR,Maddur,1,1,0,1
Chamarajanagara,Yelandur,Maddur,GHPS MADDUR,Maddur,1,1,0,0
Chamarajanagara,Yelandur,Maddur,GHPS MADDUR,Maddur,1,0,0,0
Chamarajanagara,Yelandur,Maddur,GHPS MADDUR,Maddur,0,0,0,0
Chamarajanagara,Yelandur,Maddur,GHPS MADDUR,Maddur,1,1,0,0
Chamarajanagara,Yelandur,Maddur,GHPS MADDUR,Maddur,1,1,0,0
Chamarajanagara,Yelandur,Maddur,GHPS MADDUR,Maddur,0,0,1,0
Chamarajanagara,Yelandur,Maddur,GHPS MADDUR,Maddur,1,0,0,0
Chamarajanagara,Yelandur,Maddur,GHPS MADDUR,Maddur,0,1,0,0
Chamarajanagara,Yelandur,Maddur,GHPS MADDUR,Maddur,1,0,0,0
Chamarajanagara,Yelandur,Maddur,GHPS MADDUR,Maddur,0,0,0,0
Chamarajanagara,Yelandur,Maddur,GHPS MADDUR,Maddur,0,0,0,1
Chamarajanagara,Yelandur,Maddur,GHPS MADDUR,Maddur,1,0,0,0
Chamarajanagara,Yelandur,Maddur,GHPS MADDUR,Maddur,1,0,0,0
Chamarajanagara,Yelandur,Maddur,GHPS MADDUR,Maddur,0,0,0,0
Chamarajanagara,Yelandur,Maddur,GHPS MADDUR,Maddur,0,0,0,0
Chamarajanagara,Yelandur,Maddur,GHPS MADDUR,Maddur,1,0,0,0
Chamarajanagara,Yelandur,Maddur,GHPS MADDUR,Maddur,1,0,0,1
Chamarajanagara,Yelandur,Maddur,GHPS MADDUR,Maddur,0,0,0,0
Chamarajanagara,Yelandur,Maddur,GHPS MADDUR,Maddur,1,0,0,1
Chamarajanagara,Yelandur,Maddur,GHPS MADDUR,Maddur,1,1,0,1
Chamarajanagara,Yelandur,Maddur,GHPS MADDUR,Maddur,1,1,0,1
Chamarajanagara,Yelandur,Maddur,GHPS MADDUR,Maddur,1,0,1,1
Chamarajanagara,Yelandur,Maddur,GHPS MADDUR,Maddur,1,1,0,0
Chamarajanagara,Yelandur,Maddur,GHPS MADDUR,Maddur,1,0,0,1
Chamarajanagara,Yelandur,Maddur,GHPS MADDUR,Maddur,1,0,0,1
Chamarajanagara,Yelandur,Maddur,GHPS MADDUR,Maddur,1,1,0,0
Chamarajanagara,Yelandur,Maddur,GHPS MADDUR,Maddur,1,1,0,1
Chamarajanagara,Yelandur,Maddur,GHPS MADDUR,Maddur,1,0,0,0
Chamarajanagara,Yelandur,Maddur,GHPS MADDUR,Maddur,1,1,0,0
Chamarajanagara,Yelandur,Maddur,GHPS MADDUR,Maddur,1,0,0,0
Chamarajanagara,Yelandur,Maddur,GHPS BOODI THITTU -1,Maddur,1,0,0,0
Chamarajanagara,Yelandur,Maddur,GHPS BOODI THITTU -1,Maddur,1,1,0,0
Chamarajanagara,Yelandur,Maddur,GHPS BOODI THITTU -1,Maddur,1,0,0,1
Chamarajanagara,Yelandur,Maddur,GHPS BOODI THITTU -1,Maddur,1,1,1,1
Chamarajanagara,Yelandur,Maddur,GHPS MALLIGAHALLI,Maddur,1,1,0,1
Chamarajanagara,Yelandur,Maddur,GHPS MALLIGAHALLI,Maddur,0,1,0,0
Chamarajanagara,Yelandur,Maddur,GHPS MALLIGAHALLI,Maddur,1,0,0,1
Chamarajanagara,Yelandur,Maddur,GHPS MALLIGAHALLI,Maddur,1,0,0,0
Chamarajanagara,Yelandur,Maddur,GHPS MALLIGAHALLI,Maddur,1,1,0,0
Chamarajanagara,Yelandur,Maddur,GHPS MALLIGAHALLI,Maddur,0,0,0,0
Chamarajanagara,Yelandur,Maddur,GHPS MALLIGAHALLI,Maddur,1,0,0,0
Chamarajanagara,Yelandur,Maddur,GHPS MALLIGAHALLI,Maddur,1,1,0,0
Chamarajanagara,Yelandur,Maddur,GHPS MALLIGAHALLI,Maddur,1,1,0,0
Chamarajanagara,Yelandur,Maddur,GHPS MALLIGAHALLI,Maddur,0,1,0,0
Chamarajanagara,Yelandur,Maddur,GHPS MALLIGAHALLI,Maddur,1,1,0,0
Chamarajanagara,Yelandur,Maddur,GHPS MALLIGAHALLI,Maddur,1,0,1,0
Chamarajanagara,Yelandur,Maddur,GHPS MALLIGAHALLI,Maddur,1,1,0,1
Chamarajanagara,Yelandur,Maddur,GHPS MALLIGAHALLI,Maddur,1,0,0,1
Chamarajanagara,Yelandur,Maddur,GHPS MALLIGAHALLI,Maddur,0,1,0,0
Chamarajanagara,Yelandur,Maddur,GHPS MALLIGAHALLI,Maddur,1,1,0,1
